{"init_params": {"cat_dims": [5, 7, 8], "cat_emb_dim": [3, 3, 3], "cat_idxs": [0, 1, 2], "clip_value": 1, "device_name": "auto", "epsilon": 1e-15, "gamma": 1.254584765120671, "grouped_features": [], "input_dim": 9, "lambda_sparse": 0.0002279216849417837, "mask_type": "entmax", "momentum": 0.02, "n_a": 43, "n_d": 32, "n_indep_decoder": 1, "n_independent": 2, "n_shared": 2, "n_shared_decoder": 1, "n_steps": 5, "optimizer_params": {"lr": 0.019811397709919246}, "output_dim": 1, "scheduler_fn": null, "scheduler_params": {}, "seed": 0, "verbose": 1}, "class_attrs": {"preds_mapper": null}}