{"init_params": {"cat_dims": [5, 7, 8], "cat_emb_dim": [1, 1, 1], "cat_idxs": [1, 2, 3], "clip_value": 1, "device_name": "auto", "epsilon": 1e-15, "gamma": 1.0424030394886583, "grouped_features": [], "input_dim": 7, "lambda_sparse": 8.850232060121019e-05, "mask_type": "sparsemax", "momentum": 0.02, "n_a": 12, "n_d": 20, "n_indep_decoder": 1, "n_independent": 2, "n_shared": 2, "n_shared_decoder": 1, "n_steps": 10, "optimizer_params": {"lr": 0.029575984820183254, "weight_decay": 1e-05}, "output_dim": 1, "scheduler_fn": null, "scheduler_params": {}, "seed": 0, "verbose": 1}, "class_attrs": {"preds_mapper": null}}